Date,LR,From,To,Vehicle Type,Customer Name
21/02/2025,13216,Bangalore, Hoskote,Bangalore,14ft,Lifelong - D
21/02/2025,13217,Goa, Hoskote,Bangalore,20ft,Lifelong - D
21/02/2025,13218,Delhi, Hoskote,Bangalore,22ft,Lifelong - D
21/02/2025,13219,Mumbai, Hoskote,Bangalore,32ft,Lifelong - D
21/02/2025,13220,Bangalore, Hoskote,Bangalore,14ft,Lifelong - D
21/02/2025,13221,kota, Hoskote,Bangalore,32ft,Lifelong - D
21/02/2025,13222,farukh nagar, Hoskote,Bangalore,14ft,Lifelong - D
21/02/2025,13223,Goa, Hoskote,Bangalore,14ft,Lifelong - D
21/02/2025,13224,Bihar, Hoskote,Bangalore,22ft,Lifelong - D
